{
  "combo_key": "EqualizationTransform -> NormalizeTransform",
  "confidence_level": "high_con",
  "transforms": [
    "EqualizationTransform",
    "NormalizeTransform"
  ],
  "accuracy": 0.9743164871582436,
  "alpha": -0.009942004971002505,
  "gamma": 1.0353798838507262,
  "weighted_alpha": -0.010293751952119916,
  "confusion_matrix": {
    "TP": 621,
    "TN": 555,
    "FP": 25,
    "FN": 6
  },
  "training_time_seconds": 12.133211135864258,
  "gradcam_images": []
}