{
  "combo_key": "ColorSpaceTransform",
  "confidence_level": "base",
  "transforms": [
    "ColorSpaceTransform"
  ],
  "accuracy": 0.9710024855012428,
  "alpha": -0.009113504556752194,
  "gamma": 0.9581980882732668,
  "weighted_alpha": -0.008732542643749659,
  "confusion_matrix": {
    "TP": 557,
    "TN": 615,
    "FP": 10,
    "FN": 25
  },
  "training_time_seconds": 11.176902055740356,
  "gradcam_images": []
}