{
  "combo_key": "NormalizeTransform -> ColorSpaceTransform",
  "confidence_level": "base",
  "transforms": [
    "NormalizeTransform",
    "ColorSpaceTransform"
  ],
  "accuracy": 0.9577464788732394,
  "alpha": -0.026512013256006717,
  "gamma": 0.9424337698849206,
  "weighted_alpha": -0.024985816600097396,
  "confusion_matrix": {
    "TP": 608,
    "TN": 548,
    "FP": 32,
    "FN": 19
  },
  "training_time_seconds": 11.060658931732178,
  "gradcam_images": []
}