{
  "combo_key": "ColorSpaceTransform",
  "confidence_level": "base",
  "transforms": [
    "ColorSpaceTransform"
  ],
  "accuracy": 0.9701739850869926,
  "alpha": -0.009113504556752194,
  "gamma": 0.9680049678167849,
  "weighted_alpha": -0.00882191768515703,
  "confusion_matrix": {
    "TP": 603,
    "TN": 568,
    "FP": 26,
    "FN": 10
  },
  "training_time_seconds": 11.357832193374634,
  "gradcam_images": []
}