{
  "combo_key": "EqualizationTransform -> ColorSpaceTransform",
  "confidence_level": "base",
  "transforms": [
    "EqualizationTransform",
    "ColorSpaceTransform"
  ],
  "accuracy": 0.9710024855012428,
  "alpha": -0.009113504556752194,
  "gamma": 1.0705559535954827,
  "weighted_alpha": -0.009756516561350622,
  "confusion_matrix": {
    "TP": 551,
    "TN": 621,
    "FP": 4,
    "FN": 31
  },
  "training_time_seconds": 12.487500429153442,
  "gradcam_images": []
}