{
  "combo_key": "EqualizationTransform -> DenoiseTransform",
  "confidence_level": "high_con",
  "transforms": [
    "EqualizationTransform",
    "DenoiseTransform"
  ],
  "accuracy": 0.9817729908864954,
  "alpha": 0.001657000828500399,
  "gamma": 2.1430145082430148,
  "weighted_alpha": 0.000773210270918286,
  "confusion_matrix": {
    "TP": 576,
    "TN": 609,
    "FP": 7,
    "FN": 15
  },
  "training_time_seconds": 24.947046041488647,
  "gradcam_images": []
}