{
  "combo_key": "ColorSpaceTransform -> DenoiseTransform",
  "confidence_level": "high_con",
  "transforms": [
    "ColorSpaceTransform",
    "DenoiseTransform"
  ],
  "accuracy": 0.9850869925434963,
  "alpha": 0.004971002485501308,
  "gamma": 1.7270861252023295,
  "weighted_alpha": 0.002878259753791347,
  "confusion_matrix": {
    "TP": 583,
    "TN": 606,
    "FP": 10,
    "FN": 8
  },
  "training_time_seconds": 20.10518217086792,
  "gradcam_images": []
}