{
  "combo_key": "NormalizeTransform -> DenoiseTransform",
  "confidence_level": "high_con",
  "transforms": [
    "NormalizeTransform",
    "DenoiseTransform"
  ],
  "accuracy": 0.9809444904722452,
  "alpha": 0.0008285004142501995,
  "gamma": 1.7018097127630691,
  "weighted_alpha": 0.0004868349310952286,
  "confusion_matrix": {
    "TP": 580,
    "TN": 604,
    "FP": 12,
    "FN": 11
  },
  "training_time_seconds": 19.81093692779541,
  "gradcam_images": []
}