{
  "combo_key": "DenoiseTransform -> NormalizeTransform",
  "confidence_level": "base",
  "transforms": [
    "DenoiseTransform",
    "NormalizeTransform"
  ],
  "accuracy": 0.9602319801159901,
  "alpha": -0.0198840099420049,
  "gamma": 1.0063557777366214,
  "weighted_alpha": -0.020010388289709052,
  "confusion_matrix": {
    "TP": 538,
    "TN": 621,
    "FP": 4,
    "FN": 44
  },
  "training_time_seconds": 11.738637447357178,
  "gradcam_images": []
}