{
  "combo_key": "EqualizationTransform -> DenoiseTransform",
  "confidence_level": "high_con",
  "transforms": [
    "EqualizationTransform",
    "DenoiseTransform"
  ],
  "accuracy": 0.9792874896437448,
  "alpha": -0.004971002485501308,
  "gamma": 2.133894666897111,
  "weighted_alpha": -0.010607595692943525,
  "confusion_matrix": {
    "TP": 607,
    "TN": 575,
    "FP": 5,
    "FN": 20
  },
  "training_time_seconds": 25.006275415420532,
  "gradcam_images": []
}