{
  "combo_key": "DenoiseTransform -> EqualizationTransform",
  "confidence_level": "base",
  "transforms": [
    "DenoiseTransform",
    "EqualizationTransform"
  ],
  "accuracy": 0.9817729908864954,
  "alpha": 0.0024855012427505985,
  "gamma": 1.3984973410861998,
  "weighted_alpha": 0.0017772656191252627,
  "confusion_matrix": {
    "TP": 607,
    "TN": 578,
    "FP": 16,
    "FN": 6
  },
  "training_time_seconds": 16.40890145301819,
  "gradcam_images": []
}