{
  "combo_key": "NormalizeTransform -> DenoiseTransform",
  "confidence_level": "base",
  "transforms": [
    "NormalizeTransform",
    "DenoiseTransform"
  ],
  "accuracy": 0.9751449875724938,
  "alpha": -0.009113504556752305,
  "gamma": 1.001496887019433,
  "weighted_alpha": -0.009127146443424852,
  "confusion_matrix": {
    "TP": 625,
    "TN": 552,
    "FP": 28,
    "FN": 2
  },
  "training_time_seconds": 11.75383973121643,
  "gradcam_images": []
}