{
  "combo_key": "NormalizeTransform",
  "confidence_level": "base",
  "transforms": [
    "NormalizeTransform"
  ],
  "accuracy": 0.9710024855012428,
  "alpha": -0.013256006628003303,
  "gamma": 0.9450270197400973,
  "weighted_alpha": -0.012527284437316938,
  "confusion_matrix": {
    "TP": 625,
    "TN": 547,
    "FP": 33,
    "FN": 2
  },
  "training_time_seconds": 11.091094017028809,
  "gradcam_images": []
}