{
  "combo_key": "NormalizeTransform -> DenoiseTransform",
  "confidence_level": "base",
  "transforms": [
    "NormalizeTransform",
    "DenoiseTransform"
  ],
  "accuracy": 0.9792874896437448,
  "alpha": -0.0008285004142501995,
  "gamma": 1.0131629255164867,
  "weighted_alpha": -0.0008394059034933533,
  "confusion_matrix": {
    "TP": 579,
    "TN": 603,
    "FP": 13,
    "FN": 12
  },
  "training_time_seconds": 11.77839994430542,
  "gradcam_images": []
}