{
  "combo_key": "EqualizationTransform -> ColorSpaceTransform",
  "confidence_level": "high_con",
  "transforms": [
    "EqualizationTransform",
    "ColorSpaceTransform"
  ],
  "accuracy": 0.9734879867439934,
  "alpha": -0.006628003314001596,
  "gamma": 1.0632380139626356,
  "weighted_alpha": -0.007047145080116824,
  "confusion_matrix": {
    "TP": 587,
    "TN": 588,
    "FP": 28,
    "FN": 4
  },
  "training_time_seconds": 12.377259969711304,
  "gradcam_images": []
}