{
  "combo_key": "DenoiseTransform -> ColorSpaceTransform",
  "confidence_level": "base",
  "transforms": [
    "DenoiseTransform",
    "ColorSpaceTransform"
  ],
  "accuracy": 0.9734879867439934,
  "alpha": -0.0057995028997513964,
  "gamma": 1.0312891380925253,
  "weighted_alpha": -0.005980964346849719,
  "confusion_matrix": {
    "TP": 594,
    "TN": 581,
    "FP": 13,
    "FN": 19
  },
  "training_time_seconds": 12.10036039352417,
  "gradcam_images": []
}