{
  "combo_key": "NormalizeTransform -> ColorSpaceTransform",
  "confidence_level": "base",
  "transforms": [
    "NormalizeTransform",
    "ColorSpaceTransform"
  ],
  "accuracy": 0.9362054681027341,
  "alpha": -0.043910521955260906,
  "gamma": 0.9500138032202018,
  "weighted_alpha": -0.04171560196410159,
  "confusion_matrix": {
    "TP": 586,
    "TN": 544,
    "FP": 72,
    "FN": 5
  },
  "training_time_seconds": 11.044267654418945,
  "gradcam_images": []
}