{
  "combo_key": "NormalizeTransform -> ColorSpaceTransform",
  "confidence_level": "high_con",
  "transforms": [
    "NormalizeTransform",
    "ColorSpaceTransform"
  ],
  "accuracy": 0.9842584921292461,
  "alpha": 0.0041425020712511085,
  "gamma": 0.9751588658886485,
  "weighted_alpha": 0.004248027902075325,
  "confusion_matrix": {
    "TP": 571,
    "TN": 617,
    "FP": 8,
    "FN": 11
  },
  "training_time_seconds": 11.378212451934814,
  "gradcam_images": []
}