{
  "combo_key": "EqualizationTransform -> ColorSpaceTransform",
  "confidence_level": "base",
  "transforms": [
    "EqualizationTransform",
    "ColorSpaceTransform"
  ],
  "accuracy": 0.9784589892294946,
  "alpha": -0.0008285004142501995,
  "gamma": 1.0379147158262698,
  "weighted_alpha": -0.0008599127720184427,
  "confusion_matrix": {
    "TP": 597,
    "TN": 584,
    "FP": 10,
    "FN": 16
  },
  "training_time_seconds": 12.178099870681763,
  "gradcam_images": []
}