{
  "combo_key": "EqualizationTransform -> DenoiseTransform",
  "confidence_level": "base",
  "transforms": [
    "EqualizationTransform",
    "DenoiseTransform"
  ],
  "accuracy": 0.9834299917149959,
  "alpha": 0.0041425020712511085,
  "gamma": 1.3807263217175463,
  "weighted_alpha": 0.0030002340116889116,
  "confusion_matrix": {
    "TP": 603,
    "TN": 584,
    "FP": 10,
    "FN": 10
  },
  "training_time_seconds": 16.200389862060547,
  "gradcam_images": []
}