{
  "combo_key": "NormalizeTransform -> ColorSpaceTransform",
  "confidence_level": "high_con",
  "transforms": [
    "NormalizeTransform",
    "ColorSpaceTransform"
  ],
  "accuracy": 0.9784589892294946,
  "alpha": -0.001657000828500399,
  "gamma": 0.9484901911084335,
  "weighted_alpha": -0.001571649032491176,
  "confusion_matrix": {
    "TP": 581,
    "TN": 600,
    "FP": 16,
    "FN": 10
  },
  "training_time_seconds": 11.041469097137451,
  "gradcam_images": []
}