{
  "combo_key": "ColorSpaceTransform -> NormalizeTransform",
  "confidence_level": "high_con",
  "transforms": [
    "ColorSpaceTransform",
    "NormalizeTransform"
  ],
  "accuracy": 0.9784589892294946,
  "alpha": -0.0057995028997515075,
  "gamma": 0.9545904333762179,
  "weighted_alpha": -0.005536149986440424,
  "confusion_matrix": {
    "TP": 625,
    "TN": 556,
    "FP": 24,
    "FN": 2
  },
  "training_time_seconds": 11.186471223831177,
  "gradcam_images": []
}