{
  "combo_key": "DenoiseTransform",
  "confidence_level": "base",
  "transforms": [
    "DenoiseTransform"
  ],
  "accuracy": 0.9859154929577465,
  "alpha": 0.001657000828500399,
  "gamma": 0.9968296507833787,
  "weighted_alpha": 0.0016622708074526189,
  "confusion_matrix": {
    "TP": 623,
    "TN": 567,
    "FP": 13,
    "FN": 4
  },
  "training_time_seconds": 11.699063777923584,
  "gradcam_images": []
}