{
  "combo_key": "ColorSpaceTransform",
  "confidence_level": "high_con",
  "transforms": [
    "ColorSpaceTransform"
  ],
  "accuracy": 0.9826014913007457,
  "alpha": 0.0024855012427507095,
  "gamma": 0.9764933941149085,
  "weighted_alpha": 0.0025453333916340133,
  "confusion_matrix": {
    "TP": 574,
    "TN": 612,
    "FP": 13,
    "FN": 8
  },
  "training_time_seconds": 11.393783807754517,
  "gradcam_images": []
}