{
  "combo_key": "ColorSpaceTransform -> NormalizeTransform",
  "confidence_level": "base",
  "transforms": [
    "ColorSpaceTransform",
    "NormalizeTransform"
  ],
  "accuracy": 0.951946975973488,
  "alpha": -0.03231151615575811,
  "gamma": 0.9490342524153949,
  "weighted_alpha": -0.030664735579287852,
  "confusion_matrix": {
    "TP": 623,
    "TN": 526,
    "FP": 54,
    "FN": 4
  },
  "training_time_seconds": 11.138123989105225,
  "gradcam_images": []
}