{
  "combo_key": "ColorSpaceTransform -> DenoiseTransform",
  "confidence_level": "high_con",
  "transforms": [
    "ColorSpaceTransform",
    "DenoiseTransform"
  ],
  "accuracy": 0.980115990057995,
  "alpha": 0.0008285004142501995,
  "gamma": 1.7157022341907866,
  "weighted_alpha": 0.00048289289233277875,
  "confusion_matrix": {
    "TP": 607,
    "TN": 576,
    "FP": 18,
    "FN": 6
  },
  "training_time_seconds": 19.92121386528015,
  "gradcam_images": []
}