{
  "combo_key": "EqualizationTransform -> NormalizeTransform",
  "confidence_level": "base",
  "transforms": [
    "EqualizationTransform",
    "NormalizeTransform"
  ],
  "accuracy": 0.9768019884009942,
  "alpha": -0.0024855012427505985,
  "gamma": 1.0394134529933443,
  "weighted_alpha": -0.002583463429146648,
  "confusion_matrix": {
    "TP": 597,
    "TN": 582,
    "FP": 12,
    "FN": 16
  },
  "training_time_seconds": 12.195684909820557,
  "gradcam_images": []
}