{
  "combo_key": "DenoiseTransform -> NormalizeTransform",
  "confidence_level": "high_con",
  "transforms": [
    "DenoiseTransform",
    "NormalizeTransform"
  ],
  "accuracy": 0.9577464788732394,
  "alpha": -0.02236951118475561,
  "gamma": 1.693087094339055,
  "weighted_alpha": -0.03787353069358287,
  "confusion_matrix": {
    "TP": 534,
    "TN": 622,
    "FP": 3,
    "FN": 48
  },
  "training_time_seconds": 19.75504231452942,
  "gradcam_images": []
}