{
  "combo_key": "EqualizationTransform -> DenoiseTransform",
  "confidence_level": "base",
  "transforms": [
    "EqualizationTransform",
    "DenoiseTransform"
  ],
  "accuracy": 0.9826014913007457,
  "alpha": 0.0024855012427507095,
  "gamma": 1.3909412401602195,
  "weighted_alpha": 0.0017869203752017664,
  "confusion_matrix": {
    "TP": 577,
    "TN": 609,
    "FP": 7,
    "FN": 14
  },
  "training_time_seconds": 16.170214891433716,
  "gradcam_images": []
}