{
  "combo_key": "EqualizationTransform",
  "confidence_level": "base",
  "transforms": [
    "EqualizationTransform"
  ],
  "accuracy": 0.9867439933719967,
  "alpha": 0.006628003314001707,
  "gamma": 1.0347503784887893,
  "weighted_alpha": 0.006405412794998573,
  "confusion_matrix": {
    "TP": 579,
    "TN": 612,
    "FP": 4,
    "FN": 12
  },
  "training_time_seconds": 12.029362201690674,
  "gradcam_images": []
}