{
  "combo_key": "NormalizeTransform -> ColorSpaceTransform",
  "confidence_level": "base",
  "transforms": [
    "NormalizeTransform",
    "ColorSpaceTransform"
  ],
  "accuracy": 0.9643744821872411,
  "alpha": -0.0157415078707539,
  "gamma": 0.9520030890069489,
  "weighted_alpha": -0.014985964118584912,
  "confusion_matrix": {
    "TP": 549,
    "TN": 615,
    "FP": 10,
    "FN": 33
  },
  "training_time_seconds": 11.104640483856201,
  "gradcam_images": []
}