{
  "combo_key": "NormalizeTransform",
  "confidence_level": "high_con",
  "transforms": [
    "NormalizeTransform"
  ],
  "accuracy": 0.9826014913007457,
  "alpha": 0.0024855012427507095,
  "gamma": 0.9552165848610479,
  "weighted_alpha": 0.0026020289870828267,
  "confusion_matrix": {
    "TP": 583,
    "TN": 603,
    "FP": 13,
    "FN": 8
  },
  "training_time_seconds": 11.119771718978882,
  "gradcam_images": []
}