{
  "combo_key": "EqualizationTransform -> DenoiseTransform",
  "confidence_level": "base",
  "transforms": [
    "EqualizationTransform",
    "DenoiseTransform"
  ],
  "accuracy": 0.9834299917149959,
  "alpha": 0.003314001657000909,
  "gamma": 1.4523425204418705,
  "weighted_alpha": 0.002281832013010701,
  "confusion_matrix": {
    "TP": 572,
    "TN": 615,
    "FP": 10,
    "FN": 10
  },
  "training_time_seconds": 16.940850019454956,
  "gradcam_images": []
}