{
  "combo_key": "DenoiseTransform -> NormalizeTransform",
  "confidence_level": "base",
  "transforms": [
    "DenoiseTransform",
    "NormalizeTransform"
  ],
  "accuracy": 0.9850869925434963,
  "alpha": 0.0057995028997515075,
  "gamma": 1.0233029580841475,
  "weighted_alpha": 0.00566743490179045,
  "confusion_matrix": {
    "TP": 607,
    "TN": 582,
    "FP": 12,
    "FN": 6
  },
  "training_time_seconds": 12.006656646728516,
  "gradcam_images": []
}