{
  "combo_key": "ColorSpaceTransform",
  "confidence_level": "base",
  "transforms": [
    "ColorSpaceTransform"
  ],
  "accuracy": 0.9676884838442419,
  "alpha": -0.016570008285004212,
  "gamma": 0.962792083418892,
  "weighted_alpha": -0.015953472798987508,
  "confusion_matrix": {
    "TP": 592,
    "TN": 576,
    "FP": 4,
    "FN": 35
  },
  "training_time_seconds": 11.29958963394165,
  "gradcam_images": []
}