{
  "combo_key": "NormalizeTransform",
  "confidence_level": "base",
  "transforms": [
    "NormalizeTransform"
  ],
  "accuracy": 0.9875724937862469,
  "alpha": 0.008285004142502106,
  "gamma": 0.9526833535973848,
  "weighted_alpha": 0.008696493028053313,
  "confusion_matrix": {
    "TP": 604,
    "TN": 588,
    "FP": 6,
    "FN": 9
  },
  "training_time_seconds": 11.178060054779053,
  "gradcam_images": []
}