{
  "combo_key": "ColorSpaceTransform -> NormalizeTransform",
  "confidence_level": "base",
  "transforms": [
    "ColorSpaceTransform",
    "NormalizeTransform"
  ],
  "accuracy": 0.971830985915493,
  "alpha": -0.007456503728251795,
  "gamma": 0.9510184806726466,
  "weighted_alpha": -0.007091272846771948,
  "confusion_matrix": {
    "TP": 584,
    "TN": 589,
    "FP": 5,
    "FN": 29
  },
  "training_time_seconds": 11.158525705337524,
  "gradcam_images": []
}