{
  "combo_key": "ColorSpaceTransform",
  "confidence_level": "base",
  "transforms": [
    "ColorSpaceTransform"
  ],
  "accuracy": 0.9743164871582436,
  "alpha": -0.0057995028997513964,
  "gamma": 0.9509019836830166,
  "weighted_alpha": -0.00551475881174901,
  "confusion_matrix": {
    "TP": 565,
    "TN": 611,
    "FP": 5,
    "FN": 26
  },
  "training_time_seconds": 11.054593086242676,
  "gradcam_images": []
}