{
  "combo_key": "DenoiseTransform -> EqualizationTransform",
  "confidence_level": "base",
  "transforms": [
    "DenoiseTransform",
    "EqualizationTransform"
  ],
  "accuracy": 0.9701739850869926,
  "alpha": -0.009942004971002394,
  "gamma": 1.385714022912997,
  "weighted_alpha": -0.01377677570418874,
  "confusion_matrix": {
    "TP": 586,
    "TN": 585,
    "FP": 31,
    "FN": 5
  },
  "training_time_seconds": 16.10944652557373,
  "gradcam_images": []
}