{
  "combo_key": "NormalizeTransform -> EqualizationTransform",
  "confidence_level": "base",
  "transforms": [
    "NormalizeTransform",
    "EqualizationTransform"
  ],
  "accuracy": 0.9610604805302403,
  "alpha": -0.0190555095277547,
  "gamma": 1.069581124256024,
  "weighted_alpha": -0.020381413303967248,
  "confusion_matrix": {
    "TP": 568,
    "TN": 592,
    "FP": 33,
    "FN": 14
  },
  "training_time_seconds": 12.476129531860352,
  "gradcam_images": []
}