{
  "combo_key": "ColorSpaceTransform -> DenoiseTransform",
  "confidence_level": "base",
  "transforms": [
    "ColorSpaceTransform",
    "DenoiseTransform"
  ],
  "accuracy": 0.9734879867439934,
  "alpha": -0.006628003314001596,
  "gamma": 1.0149174654387814,
  "weighted_alpha": -0.006726876324366343,
  "confusion_matrix": {
    "TP": 580,
    "TN": 595,
    "FP": 21,
    "FN": 11
  },
  "training_time_seconds": 11.798797130584717,
  "gradcam_images": []
}