{
  "combo_key": "EqualizationTransform",
  "confidence_level": "high_con",
  "transforms": [
    "EqualizationTransform"
  ],
  "accuracy": 0.9867439933719967,
  "alpha": 0.006628003314001707,
  "gamma": 1.0350285722992962,
  "weighted_alpha": 0.006403691155383009,
  "confusion_matrix": {
    "TP": 579,
    "TN": 612,
    "FP": 4,
    "FN": 12
  },
  "training_time_seconds": 12.048871040344238,
  "gradcam_images": []
}