{
  "combo_key": "EqualizationTransform",
  "confidence_level": "high_con",
  "transforms": [
    "EqualizationTransform"
  ],
  "accuracy": 0.9850869925434963,
  "alpha": 0.004971002485501308,
  "gamma": 1.0369965977509488,
  "weighted_alpha": 0.00479365361109427,
  "confusion_matrix": {
    "TP": 573,
    "TN": 616,
    "FP": 9,
    "FN": 9
  },
  "training_time_seconds": 12.099738836288452,
  "gradcam_images": []
}