{
  "combo_key": "DenoiseTransform -> ColorSpaceTransform",
  "confidence_level": "high_con",
  "transforms": [
    "DenoiseTransform",
    "ColorSpaceTransform"
  ],
  "accuracy": 0.9784589892294946,
  "alpha": -0.0057995028997515075,
  "gamma": 1.704598291747713,
  "weighted_alpha": -0.009885822735902328,
  "confusion_matrix": {
    "TP": 620,
    "TN": 561,
    "FP": 19,
    "FN": 7
  },
  "training_time_seconds": 19.97551941871643,
  "gradcam_images": []
}