{
  "combo_key": "DenoiseTransform -> EqualizationTransform",
  "confidence_level": "high_con",
  "transforms": [
    "DenoiseTransform",
    "EqualizationTransform"
  ],
  "accuracy": 0.9776304888152444,
  "alpha": -0.001657000828500399,
  "gamma": 2.139796516839515,
  "weighted_alpha": -0.003545644601225345,
  "confusion_matrix": {
    "TP": 608,
    "TN": 572,
    "FP": 22,
    "FN": 5
  },
  "training_time_seconds": 24.845420837402344,
  "gradcam_images": []
}