{
  "combo_key": "ColorSpaceTransform -> DenoiseTransform",
  "confidence_level": "base",
  "transforms": [
    "ColorSpaceTransform",
    "DenoiseTransform"
  ],
  "accuracy": 0.9701739850869926,
  "alpha": -0.009942004971002394,
  "gamma": 1.0113890677303528,
  "weighted_alpha": -0.010055235138992645,
  "confusion_matrix": {
    "TP": 569,
    "TN": 602,
    "FP": 23,
    "FN": 13
  },
  "training_time_seconds": 11.797348260879517,
  "gradcam_images": []
}