{
  "combo_key": "NormalizeTransform",
  "confidence_level": "base",
  "transforms": [
    "NormalizeTransform"
  ],
  "accuracy": 0.9859154929577465,
  "alpha": 0.0057995028997515075,
  "gamma": 0.9646318451169793,
  "weighted_alpha": 0.006012141242390989,
  "confusion_matrix": {
    "TP": 582,
    "TN": 608,
    "FP": 8,
    "FN": 9
  },
  "training_time_seconds": 11.214207887649536,
  "gradcam_images": []
}