{
  "combo_key": "NormalizeTransform -> DenoiseTransform",
  "confidence_level": "base",
  "transforms": [
    "NormalizeTransform",
    "DenoiseTransform"
  ],
  "accuracy": 0.9834299917149959,
  "alpha": 0.0041425020712511085,
  "gamma": 1.0063997826580156,
  "weighted_alpha": 0.0041161595447788074,
  "confusion_matrix": {
    "TP": 598,
    "TN": 589,
    "FP": 5,
    "FN": 15
  },
  "training_time_seconds": 11.808327674865723,
  "gradcam_images": []
}