{
  "combo_key": "ColorSpaceTransform",
  "confidence_level": "high_con",
  "transforms": [
    "ColorSpaceTransform"
  ],
  "accuracy": 0.9776304888152444,
  "alpha": -0.006628003314001707,
  "gamma": 0.9609510653866354,
  "weighted_alpha": -0.006369186845976091,
  "confusion_matrix": {
    "TP": 607,
    "TN": 573,
    "FP": 7,
    "FN": 20
  },
  "training_time_seconds": 11.261008977890015,
  "gradcam_images": []
}