{
  "combo_key": "ColorSpaceTransform -> EqualizationTransform",
  "confidence_level": "high_con",
  "transforms": [
    "ColorSpaceTransform",
    "EqualizationTransform"
  ],
  "accuracy": 0.8409279204639603,
  "alpha": -0.13918806959403474,
  "gamma": 1.0700598201138256,
  "weighted_alpha": -0.14893956071178344,
  "confusion_matrix": {
    "TP": 422,
    "TN": 593,
    "FP": 32,
    "FN": 160
  },
  "training_time_seconds": 12.485522508621216,
  "gradcam_images": []
}