{
  "combo_key": "EqualizationTransform",
  "confidence_level": "base",
  "transforms": [
    "EqualizationTransform"
  ],
  "accuracy": 0.9850869925434963,
  "alpha": 0.004971002485501308,
  "gamma": 1.0435380780178651,
  "weighted_alpha": 0.00476360430943106,
  "confusion_matrix": {
    "TP": 573,
    "TN": 616,
    "FP": 9,
    "FN": 9
  },
  "training_time_seconds": 12.172350406646729,
  "gradcam_images": []
}