{
  "combo_key": "EqualizationTransform -> ColorSpaceTransform",
  "confidence_level": "base",
  "transforms": [
    "EqualizationTransform",
    "ColorSpaceTransform"
  ],
  "accuracy": 0.9784589892294946,
  "alpha": -0.001657000828500399,
  "gamma": 1.0560586497708662,
  "weighted_alpha": -0.0017498900576153379,
  "confusion_matrix": {
    "TP": 582,
    "TN": 599,
    "FP": 17,
    "FN": 9
  },
  "training_time_seconds": 12.277078866958618,
  "gradcam_images": []
}