{
  "combo_key": "NormalizeTransform -> EqualizationTransform",
  "confidence_level": "high_con",
  "transforms": [
    "NormalizeTransform",
    "EqualizationTransform"
  ],
  "accuracy": 0.9834299917149959,
  "alpha": 0.003314001657000909,
  "gamma": 1.045931689454653,
  "weighted_alpha": 0.0031684685438002395,
  "confusion_matrix": {
    "TP": 588,
    "TN": 599,
    "FP": 17,
    "FN": 3
  },
  "training_time_seconds": 12.175795316696167,
  "gradcam_images": []
}