{
  "combo_key": "EqualizationTransform -> NormalizeTransform",
  "confidence_level": "base",
  "transforms": [
    "EqualizationTransform",
    "NormalizeTransform"
  ],
  "accuracy": 0.9743164871582436,
  "alpha": -0.009942004971002505,
  "gamma": 1.0516451313477984,
  "weighted_alpha": -0.010455461123590394,
  "confusion_matrix": {
    "TP": 620,
    "TN": 556,
    "FP": 24,
    "FN": 7
  },
  "training_time_seconds": 12.342393159866333,
  "gradcam_images": []
}