{
  "combo_key": "ColorSpaceTransform -> NormalizeTransform",
  "confidence_level": "base",
  "transforms": [
    "ColorSpaceTransform",
    "NormalizeTransform"
  ],
  "accuracy": 0.9676884838442419,
  "alpha": -0.012427506213753103,
  "gamma": 0.95721861042005,
  "weighted_alpha": -0.011895840228915282,
  "confusion_matrix": {
    "TP": 578,
    "TN": 590,
    "FP": 26,
    "FN": 13
  },
  "training_time_seconds": 11.128026247024536,
  "gradcam_images": []
}