{
  "combo_key": "DenoiseTransform",
  "confidence_level": "high_con",
  "transforms": [
    "DenoiseTransform"
  ],
  "accuracy": 0.9834299917149959,
  "alpha": 0.0041425020712511085,
  "gamma": 1.6958516128188392,
  "weighted_alpha": 0.0024427267338357835,
  "confusion_matrix": {
    "TP": 603,
    "TN": 584,
    "FP": 10,
    "FN": 10
  },
  "training_time_seconds": 19.690726041793823,
  "gradcam_images": []
}