{
  "combo_key": "DenoiseTransform",
  "confidence_level": "base",
  "transforms": [
    "DenoiseTransform"
  ],
  "accuracy": 0.9826014913007457,
  "alpha": 0.003314001657000909,
  "gamma": 1.0046704955513066,
  "weighted_alpha": 0.0032985955810142225,
  "confusion_matrix": {
    "TP": 603,
    "TN": 583,
    "FP": 11,
    "FN": 10
  },
  "training_time_seconds": 11.788037538528442,
  "gradcam_images": []
}