{
  "combo_key": "EqualizationTransform -> NormalizeTransform",
  "confidence_level": "high_con",
  "transforms": [
    "EqualizationTransform",
    "NormalizeTransform"
  ],
  "accuracy": 0.9784589892294946,
  "alpha": -0.0008285004142501995,
  "gamma": 1.0466068539156475,
  "weighted_alpha": -0.0008671142120262119,
  "confusion_matrix": {
    "TP": 596,
    "TN": 585,
    "FP": 9,
    "FN": 17
  },
  "training_time_seconds": 12.152271270751953,
  "gradcam_images": []
}