{
  "combo_key": "DenoiseTransform -> ColorSpaceTransform",
  "confidence_level": "base",
  "transforms": [
    "DenoiseTransform",
    "ColorSpaceTransform"
  ],
  "accuracy": 0.956089478044739,
  "alpha": -0.024026512013256007,
  "gamma": 1.0124077606087474,
  "weighted_alpha": -0.024324627222579682,
  "confusion_matrix": {
    "TP": 570,
    "TN": 584,
    "FP": 41,
    "FN": 12
  },
  "training_time_seconds": 11.80923080444336,
  "gradcam_images": []
}