{
  "combo_key": "ColorSpaceTransform -> DenoiseTransform",
  "confidence_level": "high_con",
  "transforms": [
    "ColorSpaceTransform",
    "DenoiseTransform"
  ],
  "accuracy": 0.9859154929577465,
  "alpha": 0.0057995028997515075,
  "gamma": 1.7266094560390124,
  "weighted_alpha": 0.003358896755411068,
  "confusion_matrix": {
    "TP": 575,
    "TN": 615,
    "FP": 10,
    "FN": 7
  },
  "training_time_seconds": 20.146183252334595,
  "gradcam_images": []
}