{
  "combo_key": "NormalizeTransform",
  "confidence_level": "base",
  "transforms": [
    "NormalizeTransform"
  ],
  "accuracy": 0.9710024855012428,
  "alpha": -0.009113504556752194,
  "gamma": 0.9566128076505533,
  "weighted_alpha": -0.008718095181570828,
  "confusion_matrix": {
    "TP": 551,
    "TN": 621,
    "FP": 4,
    "FN": 31
  },
  "training_time_seconds": 11.158410549163818,
  "gradcam_images": []
}