{
  "combo_key": "EqualizationTransform",
  "confidence_level": "base",
  "transforms": [
    "EqualizationTransform"
  ],
  "accuracy": 0.9809444904722452,
  "alpha": 0.001657000828500399,
  "gamma": 1.0548880762948394,
  "weighted_alpha": 0.0015707835416250075,
  "confusion_matrix": {
    "TP": 609,
    "TN": 575,
    "FP": 19,
    "FN": 4
  },
  "training_time_seconds": 12.377252340316772,
  "gradcam_images": []
}