{
  "combo_key": "ColorSpaceTransform -> EqualizationTransform",
  "confidence_level": "base",
  "transforms": [
    "ColorSpaceTransform",
    "EqualizationTransform"
  ],
  "accuracy": 0.9734879867439934,
  "alpha": -0.006628003314001596,
  "gamma": 1.0581724979435652,
  "weighted_alpha": -0.007013570823155297,
  "confusion_matrix": {
    "TP": 569,
    "TN": 606,
    "FP": 10,
    "FN": 22
  },
  "training_time_seconds": 12.301653146743774,
  "gradcam_images": []
}