{
  "combo_key": "ColorSpaceTransform -> NormalizeTransform",
  "confidence_level": "high_con",
  "transforms": [
    "ColorSpaceTransform",
    "NormalizeTransform"
  ],
  "accuracy": 0.9875724937862469,
  "alpha": 0.008285004142502106,
  "gamma": 0.9620975463085718,
  "weighted_alpha": 0.008611397227121575,
  "confusion_matrix": {
    "TP": 603,
    "TN": 589,
    "FP": 5,
    "FN": 10
  },
  "training_time_seconds": 11.171024084091187,
  "gradcam_images": []
}