{
  "combo_key": "EqualizationTransform",
  "confidence_level": "high_con",
  "transforms": [
    "EqualizationTransform"
  ],
  "accuracy": 0.9809444904722452,
  "alpha": 0.001657000828500399,
  "gamma": 1.0293412756954794,
  "weighted_alpha": 0.0016097681766242575,
  "confusion_matrix": {
    "TP": 609,
    "TN": 575,
    "FP": 19,
    "FN": 4
  },
  "training_time_seconds": 11.951798677444458,
  "gradcam_images": []
}