{
  "combo_key": "ColorSpaceTransform",
  "confidence_level": "high_con",
  "transforms": [
    "ColorSpaceTransform"
  ],
  "accuracy": 0.9768019884009942,
  "alpha": -0.003314001657000798,
  "gamma": 0.9565635635146885,
  "weighted_alpha": -0.003170053234514266,
  "confusion_matrix": {
    "TP": 575,
    "TN": 604,
    "FP": 12,
    "FN": 16
  },
  "training_time_seconds": 11.135452032089233,
  "gradcam_images": []
}