{
  "combo_key": "ColorSpaceTransform -> NormalizeTransform",
  "confidence_level": "high_con",
  "transforms": [
    "ColorSpaceTransform",
    "NormalizeTransform"
  ],
  "accuracy": 0.9768019884009942,
  "alpha": -0.003314001657000798,
  "gamma": 0.9510198722361008,
  "weighted_alpha": -0.0031516814324311256,
  "confusion_matrix": {
    "TP": 568,
    "TN": 611,
    "FP": 5,
    "FN": 23
  },
  "training_time_seconds": 11.07091736793518,
  "gradcam_images": []
}