{
  "combo_key": "NormalizeTransform -> EqualizationTransform",
  "confidence_level": "high_con",
  "transforms": [
    "NormalizeTransform",
    "EqualizationTransform"
  ],
  "accuracy": 0.9693454846727423,
  "alpha": -0.014913007456503813,
  "gamma": 1.0494695116039918,
  "weighted_alpha": -0.015650746651923744,
  "confusion_matrix": {
    "TP": 593,
    "TN": 577,
    "FP": 3,
    "FN": 34
  },
  "training_time_seconds": 12.298321962356567,
  "gradcam_images": []
}