{
  "combo_key": "DenoiseTransform",
  "confidence_level": "high_con",
  "transforms": [
    "DenoiseTransform"
  ],
  "accuracy": 0.9826014913007457,
  "alpha": -0.001657000828500399,
  "gamma": 1.6882932034191087,
  "weighted_alpha": -0.0027975032368170558,
  "confusion_matrix": {
    "TP": 625,
    "TN": 561,
    "FP": 19,
    "FN": 2
  },
  "training_time_seconds": 19.784446477890015,
  "gradcam_images": []
}