{
  "combo_key": "DenoiseTransform -> NormalizeTransform",
  "confidence_level": "base",
  "transforms": [
    "DenoiseTransform",
    "NormalizeTransform"
  ],
  "accuracy": 0.9834299917149959,
  "alpha": -0.0008285004142501995,
  "gamma": 1.000418908966923,
  "weighted_alpha": -0.0008288474805028284,
  "confusion_matrix": {
    "TP": 624,
    "TN": 563,
    "FP": 17,
    "FN": 3
  },
  "training_time_seconds": 11.741188287734985,
  "gradcam_images": []
}