{
  "combo_key": "NormalizeTransform -> ColorSpaceTransform",
  "confidence_level": "base",
  "transforms": [
    "NormalizeTransform",
    "ColorSpaceTransform"
  ],
  "accuracy": 0.9536039768019884,
  "alpha": -0.025683512841756406,
  "gamma": 0.9536967695271745,
  "weighted_alpha": -0.024494283227292787,
  "confusion_matrix": {
    "TP": 602,
    "TN": 549,
    "FP": 45,
    "FN": 11
  },
  "training_time_seconds": 11.189950704574585,
  "gradcam_images": []
}