{
  "combo_key": "EqualizationTransform -> ColorSpaceTransform",
  "confidence_level": "high_con",
  "transforms": [
    "EqualizationTransform",
    "ColorSpaceTransform"
  ],
  "accuracy": 0.9826014913007457,
  "alpha": -0.001657000828500399,
  "gamma": 1.0604518629731947,
  "weighted_alpha": -0.0017571696155313753,
  "confusion_matrix": {
    "TP": 613,
    "TN": 573,
    "FP": 7,
    "FN": 14
  },
  "training_time_seconds": 12.427019834518433,
  "gradcam_images": []
}