{
  "combo_key": "DenoiseTransform -> EqualizationTransform",
  "confidence_level": "base",
  "transforms": [
    "DenoiseTransform",
    "EqualizationTransform"
  ],
  "accuracy": 0.9776304888152444,
  "alpha": -0.0024855012427505985,
  "gamma": 1.3865034711368613,
  "weighted_alpha": -0.0034461561005886873,
  "confusion_matrix": {
    "TP": 559,
    "TN": 621,
    "FP": 4,
    "FN": 23
  },
  "training_time_seconds": 16.17287039756775,
  "gradcam_images": []
}