{
  "combo_key": "EqualizationTransform -> DenoiseTransform",
  "confidence_level": "base",
  "transforms": [
    "EqualizationTransform",
    "DenoiseTransform"
  ],
  "accuracy": 0.9768019884009942,
  "alpha": -0.0074565037282519064,
  "gamma": 1.3825241807639017,
  "weighted_alpha": -0.010308796708264446,
  "confusion_matrix": {
    "TP": 602,
    "TN": 577,
    "FP": 3,
    "FN": 25
  },
  "training_time_seconds": 16.225679636001587,
  "gradcam_images": []
}