{
  "combo_key": "DenoiseTransform -> NormalizeTransform",
  "confidence_level": "high_con",
  "transforms": [
    "DenoiseTransform",
    "NormalizeTransform"
  ],
  "accuracy": 0.9809444904722452,
  "alpha": -0.003314001657000909,
  "gamma": 1.682224139879623,
  "weighted_alpha": -0.0055748935870079995,
  "confusion_matrix": {
    "TP": 624,
    "TN": 560,
    "FP": 20,
    "FN": 3
  },
  "training_time_seconds": 19.71332550048828,
  "gradcam_images": []
}