{
  "combo_key": "EqualizationTransform -> NormalizeTransform",
  "confidence_level": "base",
  "transforms": [
    "EqualizationTransform",
    "NormalizeTransform"
  ],
  "accuracy": 0.9701739850869926,
  "alpha": -0.009942004971002394,
  "gamma": 1.0182969414829117,
  "weighted_alpha": -0.010123913254179643,
  "confusion_matrix": {
    "TP": 549,
    "TN": 622,
    "FP": 3,
    "FN": 33
  },
  "training_time_seconds": 11.877925157546997,
  "gradcam_images": []
}