{
  "combo_key": "ColorSpaceTransform -> DenoiseTransform",
  "confidence_level": "base",
  "transforms": [
    "ColorSpaceTransform",
    "DenoiseTransform"
  ],
  "accuracy": 0.971830985915493,
  "alpha": -0.007456503728251795,
  "gamma": 1.008177451520962,
  "weighted_alpha": -0.007517478926005447,
  "confusion_matrix": {
    "TP": 595,
    "TN": 578,
    "FP": 16,
    "FN": 18
  },
  "training_time_seconds": 11.829185485839844,
  "gradcam_images": []
}