{
  "combo_key": "ColorSpaceTransform -> NormalizeTransform",
  "confidence_level": "base",
  "transforms": [
    "ColorSpaceTransform",
    "NormalizeTransform"
  ],
  "accuracy": 0.9701739850869926,
  "alpha": -0.009942004971002394,
  "gamma": 0.9577453699489914,
  "weighted_alpha": -0.009521909228987399,
  "confusion_matrix": {
    "TP": 555,
    "TN": 616,
    "FP": 9,
    "FN": 27
  },
  "training_time_seconds": 11.171621322631836,
  "gradcam_images": []
}