{
  "combo_key": "ColorSpaceTransform -> DenoiseTransform",
  "confidence_level": "base",
  "transforms": [
    "ColorSpaceTransform",
    "DenoiseTransform"
  ],
  "accuracy": 0.9569179784589892,
  "alpha": -0.027340513670256916,
  "gamma": 1.0132855553785018,
  "weighted_alpha": -0.0277037475786998,
  "confusion_matrix": {
    "TP": 623,
    "TN": 532,
    "FP": 48,
    "FN": 4
  },
  "training_time_seconds": 11.892194747924805,
  "gradcam_images": []
}