{
  "combo_key": "DenoiseTransform -> EqualizationTransform",
  "confidence_level": "base",
  "transforms": [
    "DenoiseTransform",
    "EqualizationTransform"
  ],
  "accuracy": 0.9685169842584921,
  "alpha": -0.015741507870754012,
  "gamma": 1.3742980771020024,
  "weighted_alpha": -0.021633523997463273,
  "confusion_matrix": {
    "TP": 625,
    "TN": 544,
    "FP": 36,
    "FN": 2
  },
  "training_time_seconds": 16.129135847091675,
  "gradcam_images": []
}