{
  "combo_key": "EqualizationTransform",
  "confidence_level": "base",
  "transforms": [
    "EqualizationTransform"
  ],
  "accuracy": 0.9817729908864954,
  "alpha": -0.0024855012427507095,
  "gamma": 1.0518230879236312,
  "weighted_alpha": -0.0026143075921880744,
  "confusion_matrix": {
    "TP": 623,
    "TN": 562,
    "FP": 18,
    "FN": 4
  },
  "training_time_seconds": 12.344481706619263,
  "gradcam_images": []
}