{
  "combo_key": "NormalizeTransform -> EqualizationTransform",
  "confidence_level": "high_con",
  "transforms": [
    "NormalizeTransform",
    "EqualizationTransform"
  ],
  "accuracy": 0.9826014913007457,
  "alpha": 0.003314001657000909,
  "gamma": 1.0342180387688096,
  "weighted_alpha": 0.003204354916247719,
  "confusion_matrix": {
    "TP": 598,
    "TN": 588,
    "FP": 6,
    "FN": 15
  },
  "training_time_seconds": 12.008423328399658,
  "gradcam_images": []
}