{
  "combo_key": "ColorSpaceTransform -> EqualizationTransform",
  "confidence_level": "high_con",
  "transforms": [
    "ColorSpaceTransform",
    "EqualizationTransform"
  ],
  "accuracy": 0.7895608947804474,
  "alpha": -0.18972659486329735,
  "gamma": 1.0545264579299027,
  "weighted_alpha": -0.20007171405629462,
  "confusion_matrix": {
    "TP": 384,
    "TN": 569,
    "FP": 25,
    "FN": 229
  },
  "training_time_seconds": 12.244226694107056,
  "gradcam_images": []
}