{
  "combo_key": "DenoiseTransform",
  "confidence_level": "high_con",
  "transforms": [
    "DenoiseTransform"
  ],
  "accuracy": 0.9710024855012428,
  "alpha": -0.009113504556752194,
  "gamma": 1.7045422967845698,
  "weighted_alpha": -0.015534353988923028,
  "confusion_matrix": {
    "TP": 564,
    "TN": 608,
    "FP": 8,
    "FN": 27
  },
  "training_time_seconds": 19.8427472114563,
  "gradcam_images": []
}