{
  "combo_key": "NormalizeTransform -> DenoiseTransform",
  "confidence_level": "high_con",
  "transforms": [
    "NormalizeTransform",
    "DenoiseTransform"
  ],
  "accuracy": 0.9693454846727423,
  "alpha": -0.010770505385252704,
  "gamma": 1.6851715076476634,
  "weighted_alpha": -0.01815014879819358,
  "confusion_matrix": {
    "TP": 579,
    "TN": 591,
    "FP": 34,
    "FN": 3
  },
  "training_time_seconds": 19.66268277168274,
  "gradcam_images": []
}