{
  "combo_key": "DenoiseTransform -> ColorSpaceTransform",
  "confidence_level": "base",
  "transforms": [
    "DenoiseTransform",
    "ColorSpaceTransform"
  ],
  "accuracy": 0.9610604805302403,
  "alpha": -0.0190555095277547,
  "gamma": 1.016905535215377,
  "weighted_alpha": -0.01937765311512311,
  "confusion_matrix": {
    "TP": 558,
    "TN": 602,
    "FP": 14,
    "FN": 33
  },
  "training_time_seconds": 11.821909189224243,
  "gradcam_images": []
}