{
  "combo_key": "NormalizeTransform -> EqualizationTransform",
  "confidence_level": "high_con",
  "transforms": [
    "NormalizeTransform",
    "EqualizationTransform"
  ],
  "accuracy": 0.9809444904722452,
  "alpha": 0.0008285004142501995,
  "gamma": 1.0766830531936318,
  "weighted_alpha": 0.0007694933172698513,
  "confusion_matrix": {
    "TP": 571,
    "TN": 613,
    "FP": 12,
    "FN": 11
  },
  "training_time_seconds": 12.562802791595459,
  "gradcam_images": []
}