{
  "combo_key": "EqualizationTransform -> NormalizeTransform",
  "confidence_level": "base",
  "transforms": [
    "EqualizationTransform",
    "NormalizeTransform"
  ],
  "accuracy": 0.9834299917149959,
  "alpha": 0.003314001657000909,
  "gamma": 1.0477608646088572,
  "weighted_alpha": 0.003162937048844699,
  "confusion_matrix": {
    "TP": 581,
    "TN": 606,
    "FP": 10,
    "FN": 10
  },
  "training_time_seconds": 12.180613994598389,
  "gradcam_images": []
}