{
  "combo_key": "NormalizeTransform -> ColorSpaceTransform",
  "confidence_level": "high_con",
  "transforms": [
    "NormalizeTransform",
    "ColorSpaceTransform"
  ],
  "accuracy": 0.971830985915493,
  "alpha": -0.012427506213753103,
  "gamma": 0.9545794672603968,
  "weighted_alpha": -0.011863042260899709,
  "confusion_matrix": {
    "TP": 597,
    "TN": 576,
    "FP": 4,
    "FN": 30
  },
  "training_time_seconds": 11.186342716217041,
  "gradcam_images": []
}