{
  "combo_key": "DenoiseTransform -> EqualizationTransform",
  "confidence_level": "high_con",
  "transforms": [
    "DenoiseTransform",
    "EqualizationTransform"
  ],
  "accuracy": 0.9784589892294946,
  "alpha": -0.001657000828500399,
  "gamma": 2.1419601616628174,
  "weighted_alpha": -0.003549229762490137,
  "confusion_matrix": {
    "TP": 561,
    "TN": 620,
    "FP": 5,
    "FN": 21
  },
  "training_time_seconds": 24.992520332336426,
  "gradcam_images": []
}