{
  "combo_key": "NormalizeTransform",
  "confidence_level": "high_con",
  "transforms": [
    "NormalizeTransform"
  ],
  "accuracy": 0.9701739850869926,
  "alpha": -0.009942004971002394,
  "gamma": 1.0287779627503342,
  "weighted_alpha": -0.010228115619721537,
  "confusion_matrix": {
    "TP": 549,
    "TN": 622,
    "FP": 3,
    "FN": 33
  },
  "training_time_seconds": 12.003843307495117,
  "gradcam_images": []
}