{
  "combo_key": "ColorSpaceTransform -> NormalizeTransform",
  "confidence_level": "high_con",
  "transforms": [
    "ColorSpaceTransform",
    "NormalizeTransform"
  ],
  "accuracy": 0.9817729908864954,
  "alpha": 0.001657000828500399,
  "gamma": 0.9699175053094243,
  "weighted_alpha": 0.0017083935689683016,
  "confusion_matrix": {
    "TP": 576,
    "TN": 609,
    "FP": 16,
    "FN": 6
  },
  "training_time_seconds": 11.317055940628052,
  "gradcam_images": []
}