{
  "combo_key": "NormalizeTransform -> EqualizationTransform",
  "confidence_level": "base",
  "transforms": [
    "NormalizeTransform",
    "EqualizationTransform"
  ],
  "accuracy": 0.971830985915493,
  "alpha": -0.007456503728251795,
  "gamma": 1.0891917574637393,
  "weighted_alpha": -0.008121562400309498,
  "confusion_matrix": {
    "TP": 591,
    "TN": 582,
    "FP": 12,
    "FN": 22
  },
  "training_time_seconds": 12.77974557876587,
  "gradcam_images": []
}