{
  "combo_key": "DenoiseTransform -> EqualizationTransform",
  "confidence_level": "high_con",
  "transforms": [
    "DenoiseTransform",
    "EqualizationTransform"
  ],
  "accuracy": 0.9850869925434963,
  "alpha": 0.004971002485501308,
  "gamma": 2.148629452087227,
  "weighted_alpha": 0.0023135689965863423,
  "confusion_matrix": {
    "TP": 586,
    "TN": 603,
    "FP": 13,
    "FN": 5
  },
  "training_time_seconds": 25.012410163879395,
  "gradcam_images": []
}