{
  "combo_key": "NormalizeTransform -> EqualizationTransform",
  "confidence_level": "base",
  "transforms": [
    "NormalizeTransform",
    "EqualizationTransform"
  ],
  "accuracy": 0.9635459817729909,
  "alpha": -0.0165700082850041,
  "gamma": 1.0612207731603955,
  "weighted_alpha": -0.017584437003486213,
  "confusion_matrix": {
    "TP": 568,
    "TN": 595,
    "FP": 21,
    "FN": 23
  },
  "training_time_seconds": 12.337090492248535,
  "gradcam_images": []
}