{
  "combo_key": "DenoiseTransform",
  "confidence_level": "high_con",
  "transforms": [
    "DenoiseTransform"
  ],
  "accuracy": 0.9809444904722452,
  "alpha": 0.0008285004142501995,
  "gamma": 1.681739895746968,
  "weighted_alpha": 0.0004926447997965878,
  "confusion_matrix": {
    "TP": 581,
    "TN": 603,
    "FP": 22,
    "FN": 1
  },
  "training_time_seconds": 19.622642517089844,
  "gradcam_images": []
}