{
  "combo_key": "EqualizationTransform -> DenoiseTransform",
  "confidence_level": "high_con",
  "transforms": [
    "EqualizationTransform",
    "DenoiseTransform"
  ],
  "accuracy": 0.9834299917149959,
  "alpha": 0.0041425020712511085,
  "gamma": 2.1352413107690116,
  "weighted_alpha": 0.0019400627228213273,
  "confusion_matrix": {
    "TP": 601,
    "TN": 586,
    "FP": 8,
    "FN": 12
  },
  "training_time_seconds": 24.792529821395874,
  "gradcam_images": []
}