{
  "combo_key": "ColorSpaceTransform -> DenoiseTransform",
  "confidence_level": "high_con",
  "transforms": [
    "ColorSpaceTransform",
    "DenoiseTransform"
  ],
  "accuracy": 0.9660314830157415,
  "alpha": -0.01822700911350461,
  "gamma": 1.709844733838229,
  "weighted_alpha": -0.031165355546347265,
  "confusion_matrix": {
    "TP": 622,
    "TN": 544,
    "FP": 36,
    "FN": 5
  },
  "training_time_seconds": 20.03700041770935,
  "gradcam_images": []
}