{
  "combo_key": "DenoiseTransform -> NormalizeTransform",
  "confidence_level": "high_con",
  "transforms": [
    "DenoiseTransform",
    "NormalizeTransform"
  ],
  "accuracy": 0.9751449875724938,
  "alpha": -0.004971002485501197,
  "gamma": 1.7061028283274804,
  "weighted_alpha": -0.008481041400136526,
  "confusion_matrix": {
    "TP": 586,
    "TN": 591,
    "FP": 25,
    "FN": 5
  },
  "training_time_seconds": 19.860913515090942,
  "gradcam_images": []
}