{
  "combo_key": "NormalizeTransform -> DenoiseTransform",
  "confidence_level": "base",
  "transforms": [
    "NormalizeTransform",
    "DenoiseTransform"
  ],
  "accuracy": 0.9768019884009942,
  "alpha": -0.003314001657000798,
  "gamma": 1.01269520373459,
  "weighted_alpha": -0.003356073583213192,
  "confusion_matrix": {
    "TP": 579,
    "TN": 600,
    "FP": 25,
    "FN": 3
  },
  "training_time_seconds": 11.812583684921265,
  "gradcam_images": []
}