{
  "combo_key": "DenoiseTransform -> ColorSpaceTransform",
  "confidence_level": "high_con",
  "transforms": [
    "DenoiseTransform",
    "ColorSpaceTransform"
  ],
  "accuracy": 0.975973487986744,
  "alpha": -0.003314001657000798,
  "gamma": 1.7157516997603783,
  "weighted_alpha": -0.0056860039760078295,
  "confusion_matrix": {
    "TP": 608,
    "TN": 570,
    "FP": 24,
    "FN": 5
  },
  "training_time_seconds": 19.921788215637207,
  "gradcam_images": []
}