{
  "combo_key": "ColorSpaceTransform -> EqualizationTransform",
  "confidence_level": "high_con",
  "transforms": [
    "ColorSpaceTransform",
    "EqualizationTransform"
  ],
  "accuracy": 0.8044739022369511,
  "alpha": -0.17978458989229495,
  "gamma": 1.0516756133420804,
  "weighted_alpha": -0.18907506884443367,
  "confusion_matrix": {
    "TP": 417,
    "TN": 554,
    "FP": 26,
    "FN": 210
  },
  "training_time_seconds": 12.324174404144287,
  "gradcam_images": []
}