{
  "combo_key": "NormalizeTransform -> DenoiseTransform",
  "confidence_level": "high_con",
  "transforms": [
    "NormalizeTransform",
    "DenoiseTransform"
  ],
  "accuracy": 0.971830985915493,
  "alpha": -0.012427506213753103,
  "gamma": 1.6939003879950125,
  "weighted_alpha": -0.021050957597286812,
  "confusion_matrix": {
    "TP": 625,
    "TN": 548,
    "FP": 32,
    "FN": 2
  },
  "training_time_seconds": 19.850154876708984,
  "gradcam_images": []
}