{
  "combo_key": "ColorSpaceTransform",
  "confidence_level": "high_con",
  "transforms": [
    "ColorSpaceTransform"
  ],
  "accuracy": 0.9850869925434963,
  "alpha": 0.0057995028997515075,
  "gamma": 0.9555054634814015,
  "weighted_alpha": 0.006069565399051632,
  "confusion_matrix": {
    "TP": 606,
    "TN": 583,
    "FP": 11,
    "FN": 7
  },
  "training_time_seconds": 11.094482660293579,
  "gradcam_images": []
}