{
  "combo_key": "ColorSpaceTransform -> EqualizationTransform",
  "confidence_level": "base",
  "transforms": [
    "ColorSpaceTransform",
    "EqualizationTransform"
  ],
  "accuracy": 0.9685169842584921,
  "alpha": -0.010770505385252704,
  "gamma": 1.0824729518855525,
  "weighted_alpha": -0.011658780757673735,
  "confusion_matrix": {
    "TP": 605,
    "TN": 564,
    "FP": 30,
    "FN": 8
  },
  "training_time_seconds": 12.700912237167358,
  "gradcam_images": []
}