{
  "combo_key": "NormalizeTransform -> EqualizationTransform",
  "confidence_level": "base",
  "transforms": [
    "NormalizeTransform",
    "EqualizationTransform"
  ],
  "accuracy": 0.9668599834299917,
  "alpha": -0.01739850869925441,
  "gamma": 1.0669294681706787,
  "weighted_alpha": -0.018562981633458434,
  "confusion_matrix": {
    "TP": 597,
    "TN": 570,
    "FP": 10,
    "FN": 30
  },
  "training_time_seconds": 12.521774291992188,
  "gradcam_images": []
}