{
  "combo_key": "DenoiseTransform",
  "confidence_level": "base",
  "transforms": [
    "DenoiseTransform"
  ],
  "accuracy": 0.9693454846727423,
  "alpha": -0.010770505385252704,
  "gamma": 1.0089316401902766,
  "weighted_alpha": -0.010866703664021218,
  "confusion_matrix": {
    "TP": 561,
    "TN": 609,
    "FP": 7,
    "FN": 30
  },
  "training_time_seconds": 11.729209661483765,
  "gradcam_images": []
}