{
  "combo_key": "DenoiseTransform -> NormalizeTransform",
  "confidence_level": "base",
  "transforms": [
    "DenoiseTransform",
    "NormalizeTransform"
  ],
  "accuracy": 0.9784589892294946,
  "alpha": -0.001657000828500399,
  "gamma": 1.0113832422200484,
  "weighted_alpha": -0.0016758628702900399,
  "confusion_matrix": {
    "TP": 586,
    "TN": 595,
    "FP": 21,
    "FN": 5
  },
  "training_time_seconds": 11.757710456848145,
  "gradcam_images": []
}