{
  "combo_key": "DenoiseTransform -> NormalizeTransform",
  "confidence_level": "high_con",
  "transforms": [
    "DenoiseTransform",
    "NormalizeTransform"
  ],
  "accuracy": 0.9826014913007457,
  "alpha": 0.003314001657000909,
  "gamma": 1.6985027743326302,
  "weighted_alpha": 0.0019511311415449616,
  "confusion_matrix": {
    "TP": 603,
    "TN": 583,
    "FP": 11,
    "FN": 10
  },
  "training_time_seconds": 19.721508979797363,
  "gradcam_images": []
}