{
  "combo_key": "EqualizationTransform",
  "confidence_level": "high_con",
  "transforms": [
    "EqualizationTransform"
  ],
  "accuracy": 0.9817729908864954,
  "alpha": -0.0024855012427507095,
  "gamma": 1.0385725087614484,
  "weighted_alpha": -0.002581373261213302,
  "confusion_matrix": {
    "TP": 623,
    "TN": 562,
    "FP": 18,
    "FN": 4
  },
  "training_time_seconds": 12.170624256134033,
  "gradcam_images": []
}