{
  "combo_key": "NormalizeTransform",
  "confidence_level": "high_con",
  "transforms": [
    "NormalizeTransform"
  ],
  "accuracy": 0.9685169842584921,
  "alpha": -0.015741507870754012,
  "gamma": 0.957264660084488,
  "weighted_alpha": -0.015068789181114631,
  "confusion_matrix": {
    "TP": 625,
    "TN": 544,
    "FP": 36,
    "FN": 2
  },
  "training_time_seconds": 11.217809438705444,
  "gradcam_images": []
}