{
  "combo_key": "DenoiseTransform -> ColorSpaceTransform",
  "confidence_level": "base",
  "transforms": [
    "DenoiseTransform",
    "ColorSpaceTransform"
  ],
  "accuracy": 0.9701739850869926,
  "alpha": -0.014084507042253502,
  "gamma": 1.0018513578289883,
  "weighted_alpha": -0.01411058250463362,
  "confusion_matrix": {
    "TP": 607,
    "TN": 564,
    "FP": 16,
    "FN": 20
  },
  "training_time_seconds": 11.757999897003174,
  "gradcam_images": []
}