{
  "combo_key": "EqualizationTransform -> NormalizeTransform",
  "confidence_level": "high_con",
  "transforms": [
    "EqualizationTransform",
    "NormalizeTransform"
  ],
  "accuracy": 0.9842584921292461,
  "alpha": 0.0041425020712511085,
  "gamma": 1.0471094970269308,
  "weighted_alpha": 0.003956130741830686,
  "confusion_matrix": {
    "TP": 582,
    "TN": 606,
    "FP": 10,
    "FN": 9
  },
  "training_time_seconds": 12.18950629234314,
  "gradcam_images": []
}