{
  "combo_key": "DenoiseTransform -> ColorSpaceTransform",
  "confidence_level": "high_con",
  "transforms": [
    "DenoiseTransform",
    "ColorSpaceTransform"
  ],
  "accuracy": 0.9776304888152444,
  "alpha": -0.0024855012427505985,
  "gamma": 1.725457269842539,
  "weighted_alpha": -0.004288626188506685,
  "confusion_matrix": {
    "TP": 580,
    "TN": 600,
    "FP": 16,
    "FN": 11
  },
  "training_time_seconds": 20.086220502853394,
  "gradcam_images": []
}