{
  "combo_key": "EqualizationTransform -> ColorSpaceTransform",
  "confidence_level": "high_con",
  "transforms": [
    "EqualizationTransform",
    "ColorSpaceTransform"
  ],
  "accuracy": 0.9859154929577465,
  "alpha": 0.0057995028997515075,
  "gamma": 1.0697554844980501,
  "weighted_alpha": 0.0054213350469268645,
  "confusion_matrix": {
    "TP": 571,
    "TN": 619,
    "FP": 6,
    "FN": 11
  },
  "training_time_seconds": 12.481971502304077,
  "gradcam_images": []
}