{
  "combo_key": "NormalizeTransform -> ColorSpaceTransform",
  "confidence_level": "high_con",
  "transforms": [
    "NormalizeTransform",
    "ColorSpaceTransform"
  ],
  "accuracy": 0.9809444904722452,
  "alpha": 0.001657000828500399,
  "gamma": 0.9596008389311322,
  "weighted_alpha": 0.001726760504238489,
  "confusion_matrix": {
    "TP": 598,
    "TN": 586,
    "FP": 8,
    "FN": 15
  },
  "training_time_seconds": 11.142034530639648,
  "gradcam_images": []
}